subreddit,theme_str,sentiment,score,title,url
Garmin,unclassified,positive,9880,"girl invited me to go for a run today. i eagerly agreed, since i’m a semi-professional long-distance runner.",https://reddit.com/r/Garmin/comments/1lsa7vc/girl_invited_me_to_go_for_a_run_today_i_eagerly/
Garmin,skeptical,positive,7100,"garmin, don’t become like fitbit. we didn’t buy your watches to pay for data we already own.",https://reddit.com/r/Garmin/comments/1lt4j03/garmin_dont_become_like_fitbit_we_didnt_buy_your/
Garmin,unclassified,positive,3370,"after a year of battling with cancer, chemo and surgery recovery",https://reddit.com/r/Garmin/comments/1mazmv8/after_a_year_of_battling_with_cancer_chemo_and/
Garmin,behavior_change,positive,1052,"perfect sleep unlocked, the 100 club",https://reddit.com/r/Garmin/comments/1oxackr/perfect_sleep_unlocked_the_100_club/
Garmin,skeptical|positive_impact|friction_barriers,neutral,1041,garmin daily suggested workouts - my do's and don't's after 8 months of usage,https://reddit.com/r/Garmin/comments/1408zds/garmin_daily_suggested_workouts_my_dos_and_donts/
Garmin,awareness_no_action|skeptical|positive_impact,negative,994,why does garmin ignore menstrual cycle data?,https://reddit.com/r/Garmin/comments/1mu8086/why_does_garmin_ignore_menstrual_cycle_data/
whoop,behavior_change,positive,856,whoop + huel changed my life,https://reddit.com/r/whoop/comments/1gmek2w/whoop_huel_changed_my_life/
ouraring,friction_barriers,positive,757,psa to oura: luteal phase is not a sickness ,https://reddit.com/r/ouraring/comments/1i1z4bt/psa_to_oura_luteal_phase_is_not_a_sickness/
Garmin,anxiety_obsession,neutral,742,my hrv after quitting drinking,https://reddit.com/r/Garmin/comments/1qod0sp/my_hrv_after_quitting_drinking/
ouraring,behavior_change|skeptical|positive_impact|anxiety_obsession|friction_barriers,positive,615,14 months in review and why i’m quitting the ring,https://reddit.com/r/ouraring/comments/1l0n630/14_months_in_review_and_why_im_quitting_the_ring/
Garmin,behavior_change|positive_impact,positive,577,has anyone else’s drinking habits completely changed after being a garmin user?,https://reddit.com/r/Garmin/comments/1e5mkyv/has_anyone_elses_drinking_habits_completely/
Garmin,awareness_no_action|behavior_change|skeptical|positive_impact|friction_barriers,positive,513,my garmin review (or rant) after 7 years: poor software,https://reddit.com/r/Garmin/comments/1mnb33z/my_garmin_review_or_rant_after_7_years_poor/
Garmin,awareness_no_action|anxiety_obsession,positive,483,fixing sleep tracking should be one of garmin’s top priorities,https://reddit.com/r/Garmin/comments/1n0zpjw/fixing_sleep_tracking_should_be_one_of_garmins/
ouraring,skeptical|positive_impact,positive,442,oura's partnership with dod/palantir -- impact to you,https://reddit.com/r/ouraring/comments/1n3grov/ouras_partnership_with_dodpalantir_impact_to_you/
ouraring,friction_barriers,neutral,414,the gen 3 compromise,https://reddit.com/r/ouraring/comments/qgfgfj/the_gen_3_compromise/
whoop,skeptical|positive_impact|friction_barriers,positive,403,the trifecta (whoop mg / amazfit helio / polar 360),https://reddit.com/r/whoop/comments/1lqauys/the_trifecta_whoop_mg_amazfit_helio_polar_360/
Garmin,awareness_no_action|behavior_change|positive_impact|anxiety_obsession|friction_barriers,positive,383,"people, please, understand zones and avoid to make more confusion believing that one method is wrong and another correct",https://reddit.com/r/Garmin/comments/1jpvnf5/people_please_understand_zones_and_avoid_to_make/
ouraring,skeptical|positive_impact|anxiety_obsession|friction_barriers,negative,340,"respectfully, you shouldn't live and die by your step counts.",https://reddit.com/r/ouraring/comments/1k0qj0b/respectfully_you_shouldnt_live_and_die_by_your/
ouraring,positive_impact|anxiety_obsession|friction_barriers,positive,327,"tl;dr - i built an openclaw plugin for ōura data, and it's bonkers.",https://reddit.com/r/ouraring/comments/1qutj8c/tldr_i_built_an_openclaw_plugin_for_ōura_data_and/
whoop,positive_impact,positive,311,ultimate wearable showdown: whoop mg (5.0) vs polar360 vs amazfit helio strap vs garmin instinct 3 vs oura 4. hr comparison during olympic triathlon,https://reddit.com/r/whoop/comments/1n6iznn/ultimate_wearable_showdown_whoop_mg_50_vs/
whoop,skeptical|friction_barriers,positive,287,my honest review of whoop after the free trial period.,https://reddit.com/r/whoop/comments/1be39pu/my_honest_review_of_whoop_after_the_free_trial/
ouraring,positive_impact,positive,265,one year with the oura ring – what i learned (and why i took it off),https://reddit.com/r/ouraring/comments/1kcye27/one_year_with_the_oura_ring_what_i_learned_and/
Garmin,acted_on_score|awareness_no_action|behavior_change|positive_impact,positive,250,i ignored most garmin metrics for years. turns out they were the most important ones,https://reddit.com/r/Garmin/comments/1qys761/i_ignored_most_garmin_metrics_for_years_turns_out/
QuantifiedSelf,acted_on_score,positive,210,i open sourced my project to analyze your years of apple health data with a.i.,https://reddit.com/r/QuantifiedSelf/comments/1i7uu6c/i_open_sourced_my_project_to_analyze_your_years/
Garmin,skeptical,negative,199,do you actually trust garmin’s daily suggested workouts?,https://reddit.com/r/Garmin/comments/1q20owk/do_you_actually_trust_garmins_daily_suggested/
ouraring,positive_impact|friction_barriers,positive,168,what’s new with activity tracking and what we're working on,https://reddit.com/r/ouraring/comments/1k1q8x2/whats_new_with_activity_tracking_and_what_were/
ouraring,acted_on_score|behavior_change|positive_impact|anxiety_obsession|friction_barriers,positive,166,buying the oura was one of the greatest things i did. selling the oura was one of the greatest things i did as well.,https://reddit.com/r/ouraring/comments/1bb4686/buying_the_oura_was_one_of_the_greatest_things_i/
Garmin,behavior_change|positive_impact|anxiety_obsession,positive,163,thank you garmin!,https://reddit.com/r/Garmin/comments/10230ey/thank_you_garmin/
Garmin,anxiety_obsession|friction_barriers,neutral,163,was getting really disheartened by calories burned until...,https://reddit.com/r/Garmin/comments/1pe6reu/was_getting_really_disheartened_by_calories/
whoop,skeptical|positive_impact,negative,156,whoop has fallen way behind,https://reddit.com/r/whoop/comments/1h8hd3b/whoop_has_fallen_way_behind/
ouraring,behavior_change|positive_impact|anxiety_obsession,positive,144,switched from apple watch → oura ring (but still use apple watch for workouts). this setup finally makes sense for me.,https://reddit.com/r/ouraring/comments/1q5fk9t/switched_from_apple_watch_oura_ring_but_still_use/
whoop,positive_impact|friction_barriers,positive,143,i was a part of the whooop advanced labs beta ama,https://reddit.com/r/whoop/comments/1nultsf/i_was_a_part_of_the_whooop_advanced_labs_beta_ama/
whoop,behavior_change|positive_impact|friction_barriers,positive,140,over a year using whoop alongside garmin — here’s what i’ve learned,https://reddit.com/r/whoop/comments/1kecl3w/over_a_year_using_whoop_alongside_garmin_heres/
Garmin,behavior_change|positive_impact|anxiety_obsession|friction_barriers,positive,139,my first 48 hours with the venu 4,https://reddit.com/r/Garmin/comments/1npkp18/my_first_48_hours_with_the_venu_4/
ouraring,acted_on_score|anxiety_obsession|friction_barriers,negative,134,i tracked my sleep for 5 months and discovered something weird about vitamin d,https://reddit.com/r/ouraring/comments/1mw7htd/i_tracked_my_sleep_for_5_months_and_discovered/
whoop,acted_on_score|skeptical|anxiety_obsession,neutral,129,no bs hrv optimisation guide (what actually works),https://reddit.com/r/whoop/comments/1pn99hg/no_bs_hrv_optimisation_guide_what_actually_works/
ouraring,behavior_change|skeptical|friction_barriers,positive,127,psa: you might be sleeping at the wrong time (my chronotype discovery story),https://reddit.com/r/ouraring/comments/1moto60/psa_you_might_be_sleeping_at_the_wrong_time_my/
ouraring,behavior_change|anxiety_obsession,positive,117,replacement ring,https://reddit.com/r/ouraring/comments/1ozmdtu/replacement_ring/
whoop,acted_on_score|behavior_change|friction_barriers,positive,106,fixing 3 habits entirely changed my stats,https://reddit.com/r/whoop/comments/1oq0r7a/fixing_3_habits_entirely_changed_my_stats/
ouraring,acted_on_score|behavior_change|anxiety_obsession,positive,101,what’s the most unexpected insight you’ve uncovered about yourself thanks to oura?,https://reddit.com/r/ouraring/comments/1mcg18d/whats_the_most_unexpected_insight_youve_uncovered/
whoop,acted_on_score|friction_barriers,positive,94,"slept so well i thought my whoop was broken, hrv up to 222 from 100",https://reddit.com/r/whoop/comments/1mpcinq/slept_so_well_i_thought_my_whoop_was_broken_hrv/
whoop,acted_on_score|skeptical|positive_impact|friction_barriers,positive,93,how to enjoy whoop - a guide,https://reddit.com/r/whoop/comments/11w1ujs/how_to_enjoy_whoop_a_guide/
Garmin,acted_on_score|skeptical|anxiety_obsession|friction_barriers,positive,89,the results of healthier habbits,https://reddit.com/r/Garmin/comments/1b50era/the_results_of_healthier_habbits/
QuantifiedSelf,acted_on_score|positive_impact|anxiety_obsession|friction_barriers,positive,88,i tracked my vitamin c and magnesium levels for months—here’s what i learned,https://reddit.com/r/QuantifiedSelf/comments/1izg0n9/i_tracked_my_vitamin_c_and_magnesium_levels_for/
whoop,acted_on_score|skeptical|positive_impact|anxiety_obsession|friction_barriers,neutral,86,"whoop review: 2 users, 2 years of constant use, whoop 5 mg and release drama included!",https://reddit.com/r/whoop/comments/1kswzaw/whoop_review_2_users_2_years_of_constant_use/
whoop,awareness_no_action|positive_impact,positive,86,"i read all the backlash, still renewed my whoop—here’s why",https://reddit.com/r/whoop/comments/1kj5vza/i_read_all_the_backlash_still_renewed_my/
whoop,acted_on_score|positive_impact|anxiety_obsession|friction_barriers,positive,86,magnesium intake and whoop,https://reddit.com/r/whoop/comments/1mnjwqu/magnesium_intake_and_whoop/
ouraring,positive_impact|anxiety_obsession|friction_barriers,neutral,82,how the hrv health metric actually works,https://reddit.com/r/ouraring/comments/15ddf29/how_the_hrv_health_metric_actually_works/
whoop,acted_on_score,neutral,79,[megathread] whoop advanced labs,https://reddit.com/r/whoop/comments/1nue674/megathread_whoop_advanced_labs/
ouraring,awareness_no_action|behavior_change|positive_impact|friction_barriers,positive,78,how sleep and sleep tracking works,https://reddit.com/r/ouraring/comments/1brzi1n/how_sleep_and_sleep_tracking_works/
Garmin,awareness_no_action|friction_barriers,negative,77,any hybrid athletes here? garmin strength training feels fundamentally broken,https://reddit.com/r/Garmin/comments/1qnoc7x/any_hybrid_athletes_here_garmin_strength_training/
Garmin,skeptical|friction_barriers,negative,69,tips to boost your garmin sleep score and body battery 💪,https://reddit.com/r/Garmin/comments/1gzidzy/tips_to_boost_your_garmin_sleep_score_and_body/
whoop,awareness_no_action|skeptical|positive_impact|friction_barriers,neutral,69,a once loyal user’s honest reflection on whoop’s direction,https://reddit.com/r/whoop/comments/1niebhx/a_once_loyal_users_honest_reflection_on_whoops/
whoop,acted_on_score|behavior_change|friction_barriers,positive,69,ignore the haters - loving whoop after 3 time reactivating membership,https://reddit.com/r/whoop/comments/15dlgf0/ignore_the_haters_loving_whoop_after_3_time/
QuantifiedSelf,behavior_change|friction_barriers,negative,59,i analyzed 6 years of meditation data to examine its effects on sleep quality and mood,https://reddit.com/r/QuantifiedSelf/comments/1iu67ub/i_analyzed_6_years_of_meditation_data_to_examine/
ouraring,behavior_change|anxiety_obsession,positive,56,my 1 year oura thoughts,https://reddit.com/r/ouraring/comments/1o3974h/my_1_year_oura_thoughts/
Garmin,behavior_change|friction_barriers,neutral,55,i feel bad for having to rely on magnesium for enough rem sleep,https://reddit.com/r/Garmin/comments/1ramsnf/i_feel_bad_for_having_to_rely_on_magnesium_for/
whoop,acted_on_score|awareness_no_action|behavior_change|positive_impact|anxiety_obsession|friction_barriers,positive,54,whoop wisdom,https://reddit.com/r/whoop/comments/ssbd1u/whoop_wisdom/
whoop,behavior_change|positive_impact,positive,50,let me get this straight,https://reddit.com/r/whoop/comments/1mcl38r/let_me_get_this_straight/
whoop,behavior_change|skeptical,negative,43,hidden stress kept my hrv at 37 ms. breathwork took it to 46 in 48 hours.,https://reddit.com/r/whoop/comments/1lcvr6f/hidden_stress_kept_my_hrv_at_37_ms_breathwork/
Garmin,positive_impact|anxiety_obsession,positive,42,how strict are you with listening to training readiness?,https://reddit.com/r/Garmin/comments/1gq8ch0/how_strict_are_you_with_listening_to_training/
whoop,behavior_change|skeptical,positive,42,back in may i shared a website i built to get more out of your long-term whoop data. i have some updates!,https://reddit.com/r/whoop/comments/14yj7so/back_in_may_i_shared_a_website_i_built_to_get/
ouraring,skeptical|anxiety_obsession,positive,39,"2 months in, oura is cool, but i am done.",https://reddit.com/r/ouraring/comments/1buojty/2_months_in_oura_is_cool_but_i_am_done/
Garmin,behavior_change|skeptical|positive_impact,neutral,36,"night shift workers, why is sleep tracking so bad ?",https://reddit.com/r/Garmin/comments/1l2fmft/night_shift_workers_why_is_sleep_tracking_so_bad/
Garmin,anxiety_obsession|friction_barriers,positive,34,the less i do the more my garmin seems to like me,https://reddit.com/r/Garmin/comments/1pqcziv/the_less_i_do_the_more_my_garmin_seems_to_like_me/
QuantifiedSelf,behavior_change|positive_impact|anxiety_obsession|friction_barriers,negative,32,couldn't see my own adhd patterns until i built this. after 2 weeks it showed me loops i'd missed for 38 years.,https://reddit.com/r/QuantifiedSelf/comments/1oyj2x9/couldnt_see_my_own_adhd_patterns_until_i_built/
QuantifiedSelf,behavior_change|skeptical|friction_barriers,neutral,30,how have you logged/tracked/evaluated performance of your executive function? (adhd),https://reddit.com/r/QuantifiedSelf/comments/giiu1k/how_have_you_loggedtrackedevaluated_performance/
whoop,behavior_change|anxiety_obsession|friction_barriers,positive,28,has whoop caused you to drink less or stop drinking altogether?,https://reddit.com/r/whoop/comments/s4qq46/has_whoop_caused_you_to_drink_less_or_stop/
whoop,behavior_change|anxiety_obsession|friction_barriers,neutral,26,how my fitness tracker turned into an anxiety trigger after a year of use,https://reddit.com/r/whoop/comments/1hjz1x4/how_my_fitness_tracker_turned_into_an_anxiety/
whoop,acted_on_score|skeptical|friction_barriers,positive,25,"6 week review - middle aged male, healthy but non-athlete",https://reddit.com/r/whoop/comments/1q3i1s9/6_week_review_middle_aged_male_healthy_but/
Garmin,anxiety_obsession,negative,24,anyone else struggle with health anxiety + wearable data (hrv / rhr)? feeling stuck and frustrated.,https://reddit.com/r/Garmin/comments/1ptpfxx/anyone_else_struggle_with_health_anxiety_wearable/
ouraring,awareness_no_action|friction_barriers,negative,21,readiness score low but i still want to workout,https://reddit.com/r/ouraring/comments/1oslvns/readiness_score_low_but_i_still_want_to_workout/
QuantifiedSelf,behavior_change|positive_impact|friction_barriers,positive,21,has anyone here tried a biological age test and was it actually useful?,https://reddit.com/r/QuantifiedSelf/comments/1pfrhkl/has_anyone_here_tried_a_biological_age_test_and/
ouraring,acted_on_score|friction_barriers,positive,21,"the science of heart rate variability - summary of ""knowledge project"" podcast episode with dr. lagos and joe mazzulla",https://reddit.com/r/ouraring/comments/1731m8f/the_science_of_heart_rate_variability_summary_of/
whoop,acted_on_score|behavior_change|skeptical|positive_impact|friction_barriers,positive,21,after over 2 years i hit a 7 day green streak! here's the data,https://reddit.com/r/whoop/comments/130tvo8/after_over_2_years_i_hit_a_7_day_green_streak/
whoop,behavior_change|skeptical|positive_impact,positive,18,"the most worthwhile thing i bought in 2025: whoop.
it literally made me healthier.",https://reddit.com/r/whoop/comments/1pekz4p/the_most_worthwhile_thing_i_bought_in_2025_whoop/
whoop,acted_on_score|awareness_no_action,negative,18,if only whoop was less dependant on a phone,https://reddit.com/r/whoop/comments/1k17afj/if_only_whoop_was_less_dependant_on_a_phone/
QuantifiedSelf,awareness_no_action|behavior_change|skeptical|positive_impact|anxiety_obsession,positive,17,overkill quantified self tracking,https://reddit.com/r/QuantifiedSelf/comments/1i5pfo7/overkill_quantified_self_tracking/
whoop,awareness_no_action,negative,17,"ever since getting the mg, every recovery has been green.",https://reddit.com/r/whoop/comments/1kqhv5i/ever_since_getting_the_mg_every_recovery_has_been/
ouraring,skeptical|anxiety_obsession,positive,15,resilience plummeting,https://reddit.com/r/ouraring/comments/1ng3frm/resilience_plummeting/
whoop,awareness_no_action|skeptical|positive_impact,negative,14,do hr measurements during workouts matter? comparing whoop to oura and elitehr,https://reddit.com/r/whoop/comments/kt64aj/do_hr_measurements_during_workouts_matter/
whoop,awareness_no_action,positive,13,better recovery from athletic greens,https://reddit.com/r/whoop/comments/17zrlnn/better_recovery_from_athletic_greens/
Garmin,behavior_change|skeptical|positive_impact|friction_barriers,positive,12,inaccurate heart rate readings from watch,https://reddit.com/r/Garmin/comments/1gn63wq/inaccurate_heart_rate_readings_from_watch/
whoop,acted_on_score|positive_impact|friction_barriers,positive,11,2 weeks in - my thoughts so far,https://reddit.com/r/whoop/comments/dtw89x/2_weeks_in_my_thoughts_so_far/
whoop,awareness_no_action|skeptical,positive,11,anyone else feeling stuck? hrv trending down for months &amp; not sure whoop is actually helping,https://reddit.com/r/whoop/comments/1p32x9y/anyone_else_feeling_stuck_hrv_trending_down_for/
whoop,awareness_no_action|skeptical,positive,11,4 months with whoop. lack of consistency and correlation means i'm likely to cancel membership.,https://reddit.com/r/whoop/comments/hqx4nl/4_months_with_whoop_lack_of_consistency_and/
whoop,acted_on_score|awareness_no_action|behavior_change|skeptical|positive_impact|friction_barriers,positive,11,whoop isn't what it's billed to be,https://reddit.com/r/whoop/comments/cwnexu/whoop_isnt_what_its_billed_to_be/
Garmin,acted_on_score|positive_impact,positive,10,has garmin's sleep tracking improved over the years?,https://reddit.com/r/Garmin/comments/11tuiwd/has_garmins_sleep_tracking_improved_over_the_years/
Garmin,acted_on_score|positive_impact|friction_barriers,positive,9,from samsung galaxy watch active 2 -&gt; fr245,https://reddit.com/r/Garmin/comments/mgpq8x/from_samsung_galaxy_watch_active_2_fr245/
whoop,awareness_no_action|skeptical|friction_barriers,positive,9,curious as to what value people gain from their whoop?,https://reddit.com/r/whoop/comments/d9wgvj/curious_as_to_what_value_people_gain_from_their/
whoop,acted_on_score|awareness_no_action|behavior_change|skeptical|positive_impact,positive,7,"my review of whoop - is it worth it? (bodybuilding, sleep, boxing)",https://reddit.com/r/whoop/comments/1glifg3/my_review_of_whoop_is_it_worth_it_bodybuilding/
whoop,acted_on_score|behavior_change,positive,5,whoop recovery vs how i actually felt....my experiment,https://reddit.com/r/whoop/comments/1o2gdx0/whoop_recovery_vs_how_i_actually_feltmy_experiment/
Garmin,positive_impact|anxiety_obsession,neutral,5,apple watch ultra 3 failed for me,https://reddit.com/r/Garmin/comments/1p7c3cd/apple_watch_ultra_3_failed_for_me/
whoop,skeptical|positive_impact|anxiety_obsession|friction_barriers,positive,4,whoop mg impressions,https://reddit.com/r/whoop/comments/1km28wp/whoop_mg_impressions/
QuantifiedSelf,acted_on_score|positive_impact,positive,4,new year gift that improved my day to day wellbeing,https://reddit.com/r/QuantifiedSelf/comments/1qff0s8/new_year_gift_that_improved_my_day_to_day/
ouraring,acted_on_score|skeptical|friction_barriers,positive,4,second sleep tracking,https://reddit.com/r/ouraring/comments/1at73bs/second_sleep_tracking/
QuantifiedSelf,acted_on_score|behavior_change,positive,4,tracking caffeine half-life changed how i sleep -- anyone else monitoring this?,https://reddit.com/r/QuantifiedSelf/comments/1r6ci23/tracking_caffeine_halflife_changed_how_i_sleep/
whoop,awareness_no_action|skeptical|positive_impact|friction_barriers,positive,3,low recovery - explained,https://reddit.com/r/whoop/comments/hryb07/low_recovery_explained/
whoop,awareness_no_action|behavior_change|friction_barriers,negative,3,understanding use of strength trainer,https://reddit.com/r/whoop/comments/1f6i2wv/understanding_use_of_strength_trainer/
ouraring,acted_on_score|awareness_no_action|positive_impact,positive,3,"sleep score avg between 80 or 85., do i bother adding better sleep habits?",https://reddit.com/r/ouraring/comments/1q4pd4y/sleep_score_avg_between_80_or_85_do_i_bother/
Garmin,awareness_no_action|behavior_change,negative,2,"is daily health tracking meaningful, or just the law of averages at work?",https://reddit.com/r/Garmin/comments/1jvyibx/is_daily_health_tracking_meaningful_or_just_the/
Garmin,awareness_no_action|skeptical|friction_barriers,negative,2,workout suggestions,https://reddit.com/r/Garmin/comments/13rh4a3/workout_suggestions/
ouraring,skeptical|positive_impact|anxiety_obsession,negative,2,resilience doesn't include workouts?,https://reddit.com/r/ouraring/comments/1i8b0bn/resilience_doesnt_include_workouts/
whoop,awareness_no_action|positive_impact|friction_barriers,positive,2,incorrect sleep tracking,https://reddit.com/r/whoop/comments/1ky9nx5/incorrect_sleep_tracking/
Garmin,behavior_change|skeptical|positive_impact|friction_barriers,positive,2,venue 3 not tracking sleep or o2 properly.,https://reddit.com/r/Garmin/comments/1kv2vpi/venue_3_not_tracking_sleep_or_o2_properly/
whoop,acted_on_score|anxiety_obsession,positive,1,changing recovery score,https://reddit.com/r/whoop/comments/m9620g/changing_recovery_score/
ouraring,awareness_no_action|positive_impact,positive,1,activity score confusion,https://reddit.com/r/ouraring/comments/1ox5rry/activity_score_confusion/
Garmin,acted_on_score|anxiety_obsession|friction_barriers,neutral,1,my daily suggested workouts never gives me anything but base and recovery runs (possibly due to wonky sleep tracking feedback?),https://reddit.com/r/Garmin/comments/1n01b26/my_daily_suggested_workouts_never_gives_me/
whoop,acted_on_score|behavior_change|positive_impact|anxiety_obsession|friction_barriers,positive,1,why the whoop 4.0 was a game-changer for my sleep and overall well-being,https://reddit.com/r/whoop/comments/1evb998/why_the_whoop_40_was_a_gamechanger_for_my_sleep/
Garmin,awareness_no_action|positive_impact|friction_barriers,positive,1,should i make the switch from fitbit?,https://reddit.com/r/Garmin/comments/1iv4ysi/should_i_make_the_switch_from_fitbit/
whoop,acted_on_score|skeptical,negative,0,whoop glitches ,https://reddit.com/r/whoop/comments/1g34a8r/whoop_glitches/
ouraring,acted_on_score|awareness_no_action|behavior_change|anxiety_obsession|friction_barriers,positive,0,i’m ditched my oura ring and i feel free,https://reddit.com/r/ouraring/comments/1ker94f/im_ditched_my_oura_ring_and_i_feel_free/
whoop,behavior_change|skeptical|positive_impact|anxiety_obsession,positive,0,read before you buy whoop. fr!,https://reddit.com/r/whoop/comments/1qy6coo/read_before_you_buy_whoop_fr/
